idna_subject,checker_type,destination,source,tested_at,session_id
006aa.xyz,AVAILABILITY,origin.list,origin.list,2026-10-08 06:40:27.849955+00:00,751ebc02e5b7a2df789c0003
00623.vip,AVAILABILITY,origin.list,origin.list,2026-10-08 06:40:28.754822+00:00,751ebc02e5b7a2df789c0003
007aa.xyz,AVAILABILITY,origin.list,origin.list,2026-10-08 06:40:33.829122+00:00,751ebc02e5b7a2df789c0003
009aa.xyz,AVAILABILITY,origin.list,origin.list,2026-10-08 06:40:34.457005+00:00,751ebc02e5b7a2df789c0003
009ab.xyz,AVAILABILITY,origin.list,origin.list,2026-10-08 06:40:39.805269+00:00,751ebc02e5b7a2df789c0003
018889.com,AVAILABILITY,origin.list,origin.list,2026-10-08 06:40:40.999897+00:00,751ebc02e5b7a2df789c0003
073sds.xyz,AVAILABILITY,origin.list,origin.list,2026-10-08 06:40:49.059799+00:00,751ebc02e5b7a2df789c0003
12xjj.com,AVAILABILITY,origin.list,origin.list,2026-10-08 06:40:54.664873+00:00,751ebc02e5b7a2df789c0003
2sepi8.cam,AVAILABILITY,origin.list,origin.list,2026-10-08 06:41:03.429031+00:00,751ebc02e5b7a2df789c0003
315pm.xyz,AVAILABILITY,origin.list,origin.list,2026-10-08 06:41:04.382662+00:00,751ebc02e5b7a2df789c0003
34axx.com,AVAILABILITY,origin.list,origin.list,2026-10-08 06:41:09.981474+00:00,751ebc02e5b7a2df789c0003
51huibao.com,AVAILABILITY,origin.list,origin.list,2026-10-08 06:41:17.456510+00:00,751ebc02e5b7a2df789c0003
520qk.com,AVAILABILITY,origin.list,origin.list,2026-10-08 06:41:18.834164+00:00,751ebc02e5b7a2df789c0003
58huinong.com,AVAILABILITY,origin.list,origin.list,2026-10-08 06:41:25.261894+00:00,751ebc02e5b7a2df789c0003
610779.com,AVAILABILITY,origin.list,origin.list,2026-10-08 06:41:27.656725+00:00,751ebc02e5b7a2df789c0003
777.porn,AVAILABILITY,origin.list,origin.list,2026-10-08 06:41:34.334871+00:00,751ebc02e5b7a2df789c0003
883883.vip,AVAILABILITY,origin.list,origin.list,2026-10-08 06:41:41.180554+00:00,751ebc02e5b7a2df789c0003
9s104.xyz,AVAILABILITY,origin.list,origin.list,2026-10-08 06:41:46.593980+00:00,751ebc02e5b7a2df789c0003
9s200.xyz,AVAILABILITY,origin.list,origin.list,2026-10-08 06:41:48.063211+00:00,751ebc02e5b7a2df789c0003
9s211.xyz,AVAILABILITY,origin.list,origin.list,2026-10-08 06:41:52.557754+00:00,751ebc02e5b7a2df789c0003
9s218.xyz,AVAILABILITY,origin.list,origin.list,2026-10-08 06:41:54.179446+00:00,751ebc02e5b7a2df789c0003
9s228.xyz,AVAILABILITY,origin.list,origin.list,2026-10-08 06:41:58.298184+00:00,751ebc02e5b7a2df789c0003
9s230.xyz,AVAILABILITY,origin.list,origin.list,2026-10-08 06:41:59.897222+00:00,751ebc02e5b7a2df789c0003
9s245.xyz,AVAILABILITY,origin.list,origin.list,2026-10-08 06:42:04.222027+00:00,751ebc02e5b7a2df789c0003
a127.vip,AVAILABILITY,origin.list,origin.list,2026-10-08 06:42:11.859075+00:00,751ebc02e5b7a2df789c0003
akdongni.com,AVAILABILITY,origin.list,origin.list,2026-10-08 06:42:21.141350+00:00,751ebc02e5b7a2df789c0003
alb7.com,AVAILABILITY,origin.list,origin.list,2026-10-08 06:42:21.432384+00:00,751ebc02e5b7a2df789c0003
amateursex.site,AVAILABILITY,origin.list,origin.list,2026-10-08 06:42:27.878068+00:00,751ebc02e5b7a2df789c0003
arsuoai.com,AVAILABILITY,origin.list,origin.list,2026-10-08 06:42:33.143727+00:00,751ebc02e5b7a2df789c0003
asianxxx.asia,AVAILABILITY,origin.list,origin.list,2026-10-08 06:42:38.133974+00:00,751ebc02e5b7a2df789c0003
baiaohui.com,AVAILABILITY,origin.list,origin.list,2026-10-08 06:42:43.604017+00:00,751ebc02e5b7a2df789c0003
baixiancanyin.com,AVAILABILITY,origin.list,origin.list,2026-10-08 06:42:44.995090+00:00,751ebc02e5b7a2df789c0003
banwoqiche.com,AVAILABILITY,origin.list,origin.list,2026-10-08 06:42:49.997884+00:00,751ebc02e5b7a2df789c0003
bdqc2011.com,AVAILABILITY,origin.list,origin.list,2026-10-08 06:42:56.906751+00:00,751ebc02e5b7a2df789c0003
blytj.com,AVAILABILITY,origin.list,origin.list,2026-10-08 06:43:06.806850+00:00,751ebc02e5b7a2df789c0003
candyhub.online,AVAILABILITY,origin.list,origin.list,2026-10-08 06:43:13.603021+00:00,751ebc02e5b7a2df789c0003
chengxiaqixiu.com,AVAILABILITY,origin.list,origin.list,2026-10-08 06:43:19.922484+00:00,751ebc02e5b7a2df789c0003
chichlive.biz,AVAILABILITY,origin.list,origin.list,2026-10-08 06:43:20.695407+00:00,751ebc02e5b7a2df789c0003
china-elements.com,AVAILABILITY,origin.list,origin.list,2026-10-08 06:43:25.989730+00:00,751ebc02e5b7a2df789c0003
chineseporn.asia,AVAILABILITY,origin.list,origin.list,2026-10-08 06:43:29.771608+00:00,751ebc02e5b7a2df789c0003
chopcdn.com,AVAILABILITY,origin.list,origin.list,2026-10-08 06:43:33.841990+00:00,751ebc02e5b7a2df789c0003
circletoys.net,AVAILABILITY,origin.list,origin.list,2026-10-08 06:43:36.846881+00:00,751ebc02e5b7a2df789c0003
clean69.com,AVAILABILITY,origin.list,origin.list,2026-10-08 06:43:40.913920+00:00,751ebc02e5b7a2df789c0003
clearmoonlakegolf.com,AVAILABILITY,origin.list,origin.list,2026-10-08 06:43:42.893770+00:00,751ebc02e5b7a2df789c0003
clipgai.xyz,AVAILABILITY,origin.list,origin.list,2026-10-08 06:43:47.027757+00:00,751ebc02e5b7a2df789c0003
cliphot69.one,AVAILABILITY,origin.list,origin.list,2026-10-08 06:43:48.769353+00:00,751ebc02e5b7a2df789c0003
cliphot69.win,AVAILABILITY,origin.list,origin.list,2026-10-08 06:43:52.689230+00:00,751ebc02e5b7a2df789c0003
clipsexviet.xyz,AVAILABILITY,origin.list,origin.list,2026-10-08 06:43:56.868367+00:00,751ebc02e5b7a2df789c0003
cpdpt.com,AVAILABILITY,origin.list,origin.list,2026-10-08 06:44:04.853399+00:00,751ebc02e5b7a2df789c0003
cqxx8.com,AVAILABILITY,origin.list,origin.list,2026-10-08 06:44:07.016724+00:00,751ebc02e5b7a2df789c0003
cqytm.com,AVAILABILITY,origin.list,origin.list,2026-10-08 06:44:10.877078+00:00,751ebc02e5b7a2df789c0003
cshcyl.com,AVAILABILITY,origin.list,origin.list,2026-10-08 06:44:14.640101+00:00,751ebc02e5b7a2df789c0003
ddav.xyz,AVAILABILITY,origin.list,origin.list,2026-10-08 06:44:23.116501+00:00,751ebc02e5b7a2df789c0003
detouju.com,AVAILABILITY,origin.list,origin.list,2026-10-08 06:44:32.496513+00:00,751ebc02e5b7a2df789c0003
dds689.com,AVAILABILITY,origin.list,origin.list,2026-10-08 06:44:37.176973+00:00,751ebc02e5b7a2df789c0003
dfsp0.xyz,AVAILABILITY,origin.list,origin.list,2026-10-08 06:44:38.657249+00:00,751ebc02e5b7a2df789c0003
ditnhau.online,AVAILABILITY,origin.list,origin.list,2026-10-08 06:44:45.368504+00:00,751ebc02e5b7a2df789c0003
dlccxx.com,AVAILABILITY,origin.list,origin.list,2026-10-08 06:44:51.414569+00:00,751ebc02e5b7a2df789c0003
dmm3388.com,AVAILABILITY,origin.list,origin.list,2026-10-08 06:45:00.135768+00:00,751ebc02e5b7a2df789c0003
dxyhg.com,AVAILABILITY,origin.list,origin.list,2026-10-08 06:45:15.267438+00:00,751ebc02e5b7a2df789c0003
dingdingwine.com,AVAILABILITY,origin.list,origin.list,2026-10-08 06:45:19.175995+00:00,751ebc02e5b7a2df789c0003
dzrxcl.com,AVAILABILITY,origin.list,origin.list,2026-10-08 06:45:22.313468+00:00,751ebc02e5b7a2df789c0003
dzxftf.com,AVAILABILITY,origin.list,origin.list,2026-10-08 06:45:25.699418+00:00,751ebc02e5b7a2df789c0003
esshanwang.com,AVAILABILITY,origin.list,origin.list,2026-10-08 06:45:33.311147+00:00,751ebc02e5b7a2df789c0003
fameles.com,AVAILABILITY,origin.list,origin.list,2026-10-08 06:45:35.578492+00:00,751ebc02e5b7a2df789c0003
fh-yuantong.com,AVAILABILITY,origin.list,origin.list,2026-10-08 06:45:42.938582+00:00,751ebc02e5b7a2df789c0003
freeporn.rest,AVAILABILITY,origin.list,origin.list,2026-10-08 06:45:48.075020+00:00,751ebc02e5b7a2df789c0003
freepornbb.com,AVAILABILITY,origin.list,origin.list,2026-10-08 06:45:48.974711+00:00,751ebc02e5b7a2df789c0003
fubonhc.com,AVAILABILITY,origin.list,origin.list,2026-10-08 06:45:55.977666+00:00,751ebc02e5b7a2df789c0003
gailauxanh.xyz,AVAILABILITY,origin.list,origin.list,2026-10-08 06:46:03.241299+00:00,751ebc02e5b7a2df789c0003
gaixinh2k.xyz,AVAILABILITY,origin.list,origin.list,2026-10-08 06:46:03.597330+00:00,751ebc02e5b7a2df789c0003
gaoqianli.com,AVAILABILITY,origin.list,origin.list,2026-10-08 06:46:11.014380+00:00,751ebc02e5b7a2df789c0003
gnhy.net,AVAILABILITY,origin.list,origin.list,2026-10-08 06:46:18.549012+00:00,751ebc02e5b7a2df789c0003
goctoi.xyz,AVAILABILITY,origin.list,origin.list,2026-10-08 06:46:18.889208+00:00,751ebc02e5b7a2df789c0003
goigai.cloud,AVAILABILITY,origin.list,origin.list,2026-10-08 06:46:24.264192+00:00,751ebc02e5b7a2df789c0003
gzcd56.com,AVAILABILITY,origin.list,origin.list,2026-10-08 06:46:30.944301+00:00,751ebc02e5b7a2df789c0003
gzxzg.com,AVAILABILITY,origin.list,origin.list,2026-10-08 06:46:33.080548+00:00,751ebc02e5b7a2df789c0003
haiyundayshotel.com,AVAILABILITY,origin.list,origin.list,2026-10-08 06:46:39.152154+00:00,751ebc02e5b7a2df789c0003
hbzdsh.com,AVAILABILITY,origin.list,origin.list,2026-10-08 06:46:46.044025+00:00,751ebc02e5b7a2df789c0003
hdsextube.xyz,AVAILABILITY,origin.list,origin.list,2026-10-08 06:46:49.536113+00:00,751ebc02e5b7a2df789c0003
hehelife.com,AVAILABILITY,origin.list,origin.list,2026-10-08 06:46:54.000352+00:00,751ebc02e5b7a2df789c0003
hentaivn.online,AVAILABILITY,origin.list,origin.list,2026-10-08 06:47:00.108487+00:00,751ebc02e5b7a2df789c0003
hentaizz.cc,AVAILABILITY,origin.list,origin.list,2026-10-08 06:47:00.891480+00:00,751ebc02e5b7a2df789c0003
hfchgs.com,AVAILABILITY,origin.list,origin.list,2026-10-08 06:47:06.994519+00:00,751ebc02e5b7a2df789c0003
hfsiyi.com,AVAILABILITY,origin.list,origin.list,2026-10-08 06:47:08.236830+00:00,751ebc02e5b7a2df789c0003
hfydsn.com,AVAILABILITY,origin.list,origin.list,2026-10-08 06:47:12.823154+00:00,751ebc02e5b7a2df789c0003
hubporn.icu,AVAILABILITY,origin.list,origin.list,2026-10-08 06:47:24.107841+00:00,751ebc02e5b7a2df789c0003
japansex.blog,AVAILABILITY,origin.list,origin.list,2026-10-08 06:47:38.355517+00:00,751ebc02e5b7a2df789c0003
j4hu52.cn,AVAILABILITY,origin.list,origin.list,2026-10-08 06:47:40.298372+00:00,751ebc02e5b7a2df789c0003
javhd.charity,AVAILABILITY,origin.list,origin.list,2026-10-08 06:47:46.711491+00:00,751ebc02e5b7a2df789c0003
javhd.pm,AVAILABILITY,origin.list,origin.list,2026-10-08 06:47:46.796110+00:00,751ebc02e5b7a2df789c0003
javhd.space,AVAILABILITY,origin.list,origin.list,2026-10-08 06:47:52.923200+00:00,751ebc02e5b7a2df789c0003
javhd.stream,AVAILABILITY,origin.list,origin.list,2026-10-08 06:47:52.976074+00:00,751ebc02e5b7a2df789c0003
javhd.uno,AVAILABILITY,origin.list,origin.list,2026-10-08 06:47:58.823651+00:00,751ebc02e5b7a2df789c0003
javmilf.com,AVAILABILITY,origin.list,origin.list,2026-10-08 06:48:04.810282+00:00,751ebc02e5b7a2df789c0003
javmilf.xyz,AVAILABILITY,origin.list,origin.list,2026-10-08 06:48:04.863263+00:00,751ebc02e5b7a2df789c0003
javsub.cc,AVAILABILITY,origin.list,origin.list,2026-10-08 06:48:10.953692+00:00,751ebc02e5b7a2df789c0003
javsex.cc,AVAILABILITY,origin.list,origin.list,2026-10-08 06:48:11.074597+00:00,751ebc02e5b7a2df789c0003
jdgy118.com,AVAILABILITY,origin.list,origin.list,2026-10-08 06:48:18.504126+00:00,751ebc02e5b7a2df789c0003
jdavdz.xyz,AVAILABILITY,origin.list,origin.list,2026-10-08 06:48:18.612422+00:00,751ebc02e5b7a2df789c0003
jingdianys.com,AVAILABILITY,origin.list,origin.list,2026-10-08 06:48:26.234857+00:00,751ebc02e5b7a2df789c0003
jmclassin.com,AVAILABILITY,origin.list,origin.list,2026-10-08 06:48:29.667786+00:00,751ebc02e5b7a2df789c0003
jmdsh.com,AVAILABILITY,origin.list,origin.list,2026-10-08 06:48:32.316173+00:00,751ebc02e5b7a2df789c0003
jsygjs.com,AVAILABILITY,origin.list,origin.list,2026-10-08 06:48:39.341585+00:00,751ebc02e5b7a2df789c0003
jtsanqing.com,AVAILABILITY,origin.list,origin.list,2026-10-08 06:48:39.499724+00:00,751ebc02e5b7a2df789c0003
jyhuabao.com,AVAILABILITY,origin.list,origin.list,2026-10-08 06:48:51.740756+00:00,751ebc02e5b7a2df789c0003
kkb32.com,AVAILABILITY,origin.list,origin.list,2026-10-08 06:49:26.877367+00:00,751ebc02e5b7a2df789c0003
kke52.com,AVAILABILITY,origin.list,origin.list,2026-10-08 06:49:39.951779+00:00,751ebc02e5b7a2df789c0003
kkp25.com,AVAILABILITY,origin.list,origin.list,2026-10-08 06:49:46.605758+00:00,751ebc02e5b7a2df789c0003
kkj48.com,AVAILABILITY,origin.list,origin.list,2026-10-08 06:50:08.996567+00:00,751ebc02e5b7a2df789c0003
kks57.com,AVAILABILITY,origin.list,origin.list,2026-10-08 06:50:26.835797+00:00,751ebc02e5b7a2df789c0003
kphimsex.xyz,AVAILABILITY,origin.list,origin.list,2026-10-08 06:50:36.287215+00:00,751ebc02e5b7a2df789c0003
kkt04.com,AVAILABILITY,origin.list,origin.list,2026-10-08 06:50:46.383089+00:00,751ebc02e5b7a2df789c0003
ldfls.com,AVAILABILITY,origin.list,origin.list,2026-10-08 06:50:48.117402+00:00,751ebc02e5b7a2df789c0003
lh-dental.com,AVAILABILITY,origin.list,origin.list,2026-10-08 06:50:54.412757+00:00,751ebc02e5b7a2df789c0003
live18k.vip,AVAILABILITY,origin.list,origin.list,2026-10-08 06:50:58.823975+00:00,751ebc02e5b7a2df789c0003
loclipnong.xyz,AVAILABILITY,origin.list,origin.list,2026-10-08 06:51:02.407386+00:00,751ebc02e5b7a2df789c0003
lontv.one,AVAILABILITY,origin.list,origin.list,2026-10-08 06:51:10.119866+00:00,751ebc02e5b7a2df789c0003
lon88.vip,AVAILABILITY,origin.list,origin.list,2026-10-08 06:51:14.852187+00:00,751ebc02e5b7a2df789c0003
mall-chem.com,AVAILABILITY,origin.list,origin.list,2026-10-08 06:51:24.599087+00:00,751ebc02e5b7a2df789c0003
mei-photo.com,AVAILABILITY,origin.list,origin.list,2026-10-08 06:51:31.330686+00:00,751ebc02e5b7a2df789c0003
milfsex.biz,AVAILABILITY,origin.list,origin.list,2026-10-08 06:51:35.662574+00:00,751ebc02e5b7a2df789c0003
mmh21.com,AVAILABILITY,origin.list,origin.list,2026-10-08 06:51:39.516480+00:00,751ebc02e5b7a2df789c0003
mmlive.one,AVAILABILITY,origin.list,origin.list,2026-10-08 06:51:42.169493+00:00,751ebc02e5b7a2df789c0003
mmocon.com,AVAILABILITY,origin.list,origin.list,2026-10-08 06:51:45.754043+00:00,751ebc02e5b7a2df789c0003
mmx25.com,AVAILABILITY,origin.list,origin.list,2026-10-08 06:51:51.393488+00:00,751ebc02e5b7a2df789c0003
phe18.vip,AVAILABILITY,origin.list,origin.list,2026-10-08 06:52:15.340665+00:00,751ebc02e5b7a2df789c0003
phim-jav.vip,AVAILABILITY,origin.list,origin.list,2026-10-08 06:52:18.207205+00:00,751ebc02e5b7a2df789c0003
phimconheo.cyou,AVAILABILITY,origin.list,origin.list,2026-10-08 06:52:22.378004+00:00,751ebc02e5b7a2df789c0003
phimhay789.win,AVAILABILITY,origin.list,origin.list,2026-10-08 06:52:24.564819+00:00,751ebc02e5b7a2df789c0003
phimheo.one,AVAILABILITY,origin.list,origin.list,2026-10-08 06:52:29.902661+00:00,751ebc02e5b7a2df789c0003
phimjav.club,AVAILABILITY,origin.list,origin.list,2026-10-08 06:52:30.995527+00:00,751ebc02e5b7a2df789c0003
phimnguoilon.online,AVAILABILITY,origin.list,origin.list,2026-10-08 06:52:36.502966+00:00,751ebc02e5b7a2df789c0003
phimsexcap3.xyz,AVAILABILITY,origin.list,origin.list,2026-10-08 06:52:40.039541+00:00,751ebc02e5b7a2df789c0003
phimsexkhongche.biz,AVAILABILITY,origin.list,origin.list,2026-10-08 06:52:45.242261+00:00,751ebc02e5b7a2df789c0003
phimsexkhongche.club,AVAILABILITY,origin.list,origin.list,2026-10-08 06:52:46.838976+00:00,751ebc02e5b7a2df789c0003
phimsexkoche.fun,AVAILABILITY,origin.list,origin.list,2026-10-08 06:52:50.940325+00:00,751ebc02e5b7a2df789c0003
phimsexnhanh.online,AVAILABILITY,origin.list,origin.list,2026-10-08 06:52:55.058622+00:00,751ebc02e5b7a2df789c0003
phimsexsub.link,AVAILABILITY,origin.list,origin.list,2026-10-08 06:52:57.462852+00:00,751ebc02e5b7a2df789c0003
phimsexviet.io,AVAILABILITY,origin.list,origin.list,2026-10-08 06:53:04.044164+00:00,751ebc02e5b7a2df789c0003
phimsextop.vip,AVAILABILITY,origin.list,origin.list,2026-10-08 06:53:13.079855+00:00,751ebc02e5b7a2df789c0003
phimvip.biz,AVAILABILITY,origin.list,origin.list,2026-10-08 06:53:14.679162+00:00,751ebc02e5b7a2df789c0003
phimxes.cc,AVAILABILITY,origin.list,origin.list,2026-10-08 06:53:19.117501+00:00,751ebc02e5b7a2df789c0003
phimxxx.site,AVAILABILITY,origin.list,origin.list,2026-10-08 06:53:21.406337+00:00,751ebc02e5b7a2df789c0003
picsinfetish.com,AVAILABILITY,origin.list,origin.list,2026-10-08 06:53:26.305159+00:00,751ebc02e5b7a2df789c0003
pormhub.blog,AVAILABILITY,origin.list,origin.list,2026-10-08 06:53:28.873872+00:00,751ebc02e5b7a2df789c0003
pormhub.cc,AVAILABILITY,origin.list,origin.list,2026-10-08 06:53:32.225886+00:00,751ebc02e5b7a2df789c0003
porn-asian.biz,AVAILABILITY,origin.list,origin.list,2026-10-08 06:53:36.312462+00:00,751ebc02e5b7a2df789c0003
pornky.icu,AVAILABILITY,origin.list,origin.list,2026-10-08 06:53:42.658512+00:00,751ebc02e5b7a2df789c0003
porntubesex.biz,AVAILABILITY,origin.list,origin.list,2026-10-08 06:53:48.738539+00:00,751ebc02e5b7a2df789c0003
prostitutkimoskvysite.info,AVAILABILITY,origin.list,origin.list,2026-10-08 06:54:05.469203+00:00,751ebc02e5b7a2df789c0003
pyzyi.com,AVAILABILITY,origin.list,origin.list,2026-10-08 06:54:28.039859+00:00,751ebc02e5b7a2df789c0003
qilemofang.com,AVAILABILITY,origin.list,origin.list,2026-10-08 06:54:30.241321+00:00,751ebc02e5b7a2df789c0003
quatvn.fun,AVAILABILITY,origin.list,origin.list,2026-10-08 06:54:36.623579+00:00,751ebc02e5b7a2df789c0003
qxdszx.com,AVAILABILITY,origin.list,origin.list,2026-10-08 06:54:43.874224+00:00,751ebc02e5b7a2df789c0003
realsexvideos.xyz,AVAILABILITY,origin.list,origin.list,2026-10-08 06:54:44.840178+00:00,751ebc02e5b7a2df789c0003
rzhot.com,AVAILABILITY,origin.list,origin.list,2026-10-08 06:54:54.090498+00:00,751ebc02e5b7a2df789c0003
sdweiheng.com,AVAILABILITY,origin.list,origin.list,2026-10-08 06:55:02.407326+00:00,751ebc02e5b7a2df789c0003
sexhay.biz,AVAILABILITY,origin.list,origin.list,2026-10-08 06:55:10.794164+00:00,751ebc02e5b7a2df789c0003
sexhd.io,AVAILABILITY,origin.list,origin.list,2026-10-08 06:55:17.334112+00:00,751ebc02e5b7a2df789c0003
sexhdx.xyz,AVAILABILITY,origin.list,origin.list,2026-10-08 06:55:23.858370+00:00,751ebc02e5b7a2df789c0003
sexhay.vip,AVAILABILITY,origin.list,origin.list,2026-10-08 06:55:30.520030+00:00,751ebc02e5b7a2df789c0003
sexlauxanh.us,AVAILABILITY,origin.list,origin.list,2026-10-08 06:55:31.362611+00:00,751ebc02e5b7a2df789c0003
sexmature.fun,AVAILABILITY,origin.list,origin.list,2026-10-08 06:55:37.142508+00:00,751ebc02e5b7a2df789c0003
sexmoi69.xyz,AVAILABILITY,origin.list,origin.list,2026-10-08 06:55:38.179617+00:00,751ebc02e5b7a2df789c0003
sexnhanh.ink,AVAILABILITY,origin.list,origin.list,2026-10-08 06:55:44.434875+00:00,751ebc02e5b7a2df789c0003
sexnxx.fun,AVAILABILITY,origin.list,origin.list,2026-10-08 06:55:44.442167+00:00,751ebc02e5b7a2df789c0003
sexsubviet.pro,AVAILABILITY,origin.list,origin.list,2026-10-08 06:55:51.403132+00:00,751ebc02e5b7a2df789c0003
sextop.uk,AVAILABILITY,origin.list,origin.list,2026-10-08 06:55:52.436598+00:00,751ebc02e5b7a2df789c0003
sextop1.club,AVAILABILITY,origin.list,origin.list,2026-10-08 06:55:58.209524+00:00,751ebc02e5b7a2df789c0003
sextop1.one,AVAILABILITY,origin.list,origin.list,2026-10-08 06:55:58.610946+00:00,751ebc02e5b7a2df789c0003
sextop1.spa,AVAILABILITY,origin.list,origin.list,2026-10-08 06:56:04.295006+00:00,751ebc02e5b7a2df789c0003
sextop1.us,AVAILABILITY,origin.list,origin.list,2026-10-08 06:56:04.585438+00:00,751ebc02e5b7a2df789c0003
sexviet69.xyz,AVAILABILITY,origin.list,origin.list,2026-10-08 06:56:11.896642+00:00,751ebc02e5b7a2df789c0003
sexvip18.net,AVAILABILITY,origin.list,origin.list,2026-10-08 06:56:12.590954+00:00,751ebc02e5b7a2df789c0003
sexyxxx.biz,AVAILABILITY,origin.list,origin.list,2026-10-08 06:56:20.919537+00:00,751ebc02e5b7a2df789c0003
shanghecy.com,AVAILABILITY,origin.list,origin.list,2026-10-08 06:56:21.601881+00:00,751ebc02e5b7a2df789c0003
shzxwood.com,AVAILABILITY,origin.list,origin.list,2026-10-08 06:56:32.780495+00:00,751ebc02e5b7a2df789c0003
shzdn.com,AVAILABILITY,origin.list,origin.list,2026-10-08 06:56:33.563170+00:00,751ebc02e5b7a2df789c0003
sjlianghao.com,AVAILABILITY,origin.list,origin.list,2026-10-08 06:56:39.792490+00:00,751ebc02e5b7a2df789c0003
sjseg.com,AVAILABILITY,origin.list,origin.list,2026-10-08 06:56:40.258811+00:00,751ebc02e5b7a2df789c0003
solfeng.com,AVAILABILITY,origin.list,origin.list,2026-10-08 06:56:47.016493+00:00,751ebc02e5b7a2df789c0003
stylexile.com,AVAILABILITY,origin.list,origin.list,2026-10-08 06:56:52.885267+00:00,751ebc02e5b7a2df789c0003
sy565.com,AVAILABILITY,origin.list,origin.list,2026-10-08 06:56:58.642211+00:00,751ebc02e5b7a2df789c0003
sz-fd.com,AVAILABILITY,origin.list,origin.list,2026-10-08 06:57:01.296479+00:00,751ebc02e5b7a2df789c0003
szdndz.com,AVAILABILITY,origin.list,origin.list,2026-10-08 06:57:06.985493+00:00,751ebc02e5b7a2df789c0003
szfsjj.com,AVAILABILITY,origin.list,origin.list,2026-10-08 06:57:07.477208+00:00,751ebc02e5b7a2df789c0003
szxle.com,AVAILABILITY,origin.list,origin.list,2026-10-08 06:57:14.866134+00:00,751ebc02e5b7a2df789c0003
szybfc.com,AVAILABILITY,origin.list,origin.list,2026-10-08 06:57:14.939308+00:00,751ebc02e5b7a2df789c0003
tadba.com,AVAILABILITY,origin.list,origin.list,2026-10-08 06:57:21.674173+00:00,751ebc02e5b7a2df789c0003
thehdporno.com,AVAILABILITY,origin.list,origin.list,2026-10-08 06:57:28.970671+00:00,751ebc02e5b7a2df789c0003
thiendia.club,AVAILABILITY,origin.list,origin.list,2026-10-08 06:57:30.131969+00:00,751ebc02e5b7a2df789c0003
thiendia.uk,AVAILABILITY,origin.list,origin.list,2026-10-08 06:57:35.288007+00:00,751ebc02e5b7a2df789c0003
tinh1dem.club,AVAILABILITY,origin.list,origin.list,2026-10-08 06:57:38.574724+00:00,751ebc02e5b7a2df789c0003
tjhxzj.com,AVAILABILITY,origin.list,origin.list,2026-10-08 06:57:41.571060+00:00,751ebc02e5b7a2df789c0003
tphimsex.club,AVAILABILITY,origin.list,origin.list,2026-10-08 06:57:48.313621+00:00,751ebc02e5b7a2df789c0003
trannyporn.site,AVAILABILITY,origin.list,origin.list,2026-10-08 06:57:49.246067+00:00,751ebc02e5b7a2df789c0003
truyenhentai.co,AVAILABILITY,origin.list,origin.list,2026-10-08 06:57:55.545417+00:00,751ebc02e5b7a2df789c0003
tub66.cam,AVAILABILITY,origin.list,origin.list,2026-10-08 06:58:01.488057+00:00,751ebc02e5b7a2df789c0003
tubxporn.icu,AVAILABILITY,origin.list,origin.list,2026-10-08 06:58:03.185233+00:00,751ebc02e5b7a2df789c0003
v0371.com,AVAILABILITY,origin.list,origin.list,2026-10-08 06:58:12.154944+00:00,751ebc02e5b7a2df789c0003
videoporno.fun,AVAILABILITY,origin.list,origin.list,2026-10-08 06:58:12.590310+00:00,751ebc02e5b7a2df789c0003
viet69.site,AVAILABILITY,origin.list,origin.list,2026-10-08 06:58:19.091037+00:00,751ebc02e5b7a2df789c0003
vlxx.fun,AVAILABILITY,origin.list,origin.list,2026-10-08 06:58:23.677026+00:00,751ebc02e5b7a2df789c0003
vlxx.uno,AVAILABILITY,origin.list,origin.list,2026-10-08 06:58:25.181214+00:00,751ebc02e5b7a2df789c0003
vlxxx.vip,AVAILABILITY,origin.list,origin.list,2026-10-08 06:58:31.214642+00:00,751ebc02e5b7a2df789c0003
vui3x.cc,AVAILABILITY,origin.list,origin.list,2026-10-08 06:58:33.281668+00:00,751ebc02e5b7a2df789c0003
wandi.ru,AVAILABILITY,origin.list,origin.list,2026-10-08 06:58:39.444190+00:00,751ebc02e5b7a2df789c0003
webphimsex.xyz,AVAILABILITY,origin.list,origin.list,2026-10-08 06:58:43.145209+00:00,751ebc02e5b7a2df789c0003
whjcjs.com,AVAILABILITY,origin.list,origin.list,2026-10-08 06:58:49.213510+00:00,751ebc02e5b7a2df789c0003
wulsh.com,AVAILABILITY,origin.list,origin.list,2026-10-08 06:58:55.717037+00:00,751ebc02e5b7a2df789c0003
wzxlpipe.com,AVAILABILITY,origin.list,origin.list,2026-10-08 06:59:00.288538+00:00,751ebc02e5b7a2df789c0003
x3x3x.xyz,AVAILABILITY,origin.list,origin.list,2026-10-08 06:59:06.017788+00:00,751ebc02e5b7a2df789c0003
xablsjf.com,AVAILABILITY,origin.list,origin.list,2026-10-08 06:59:12.640173+00:00,751ebc02e5b7a2df789c0003
x2587.com,AVAILABILITY,origin.list,origin.list,2026-10-08 06:59:15.646369+00:00,751ebc02e5b7a2df789c0003
xfdrkj.com,AVAILABILITY,origin.list,origin.list,2026-10-08 06:59:22.522250+00:00,751ebc02e5b7a2df789c0003
xemsex69.vip,AVAILABILITY,origin.list,origin.list,2026-10-08 06:59:29.024566+00:00,751ebc02e5b7a2df789c0003
xhamster.xyz,AVAILABILITY,origin.list,origin.list,2026-10-08 06:59:29.376369+00:00,751ebc02e5b7a2df789c0003
xhvid.site,AVAILABILITY,origin.list,origin.list,2026-10-08 06:59:34.676490+00:00,751ebc02e5b7a2df789c0003
xingyehb.com,AVAILABILITY,origin.list,origin.list,2026-10-08 06:59:38.999510+00:00,751ebc02e5b7a2df789c0003
xinjiachuye.com,AVAILABILITY,origin.list,origin.list,2026-10-08 06:59:40.571708+00:00,751ebc02e5b7a2df789c0003
xmgnbc.com,AVAILABILITY,origin.list,origin.list,2026-10-08 06:59:47.307547+00:00,751ebc02e5b7a2df789c0003
xmmftea.com,AVAILABILITY,origin.list,origin.list,2026-10-08 06:59:47.896159+00:00,751ebc02e5b7a2df789c0003
xnnx.site,AVAILABILITY,origin.list,origin.list,2026-10-08 06:59:53.869196+00:00,751ebc02e5b7a2df789c0003
xnxx2.health,AVAILABILITY,origin.list,origin.list,2026-10-08 06:59:55.268376+00:00,751ebc02e5b7a2df789c0003
xnxx2.xyz,AVAILABILITY,origin.list,origin.list,2026-10-08 06:59:59.640653+00:00,751ebc02e5b7a2df789c0003
xnxxporn.fun,AVAILABILITY,origin.list,origin.list,2026-10-08 07:00:01.948504+00:00,751ebc02e5b7a2df789c0003
xoac69.xyz,AVAILABILITY,origin.list,origin.list,2026-10-08 07:00:06.479117+00:00,751ebc02e5b7a2df789c0003
xsmdm.com,AVAILABILITY,origin.list,origin.list,2026-10-08 07:00:09.204121+00:00,751ebc02e5b7a2df789c0003
xtubes.fun,AVAILABILITY,origin.list,origin.list,2026-10-08 07:00:13.397595+00:00,751ebc02e5b7a2df789c0003
xuan-yan.com,AVAILABILITY,origin.list,origin.list,2026-10-08 07:00:15.422513+00:00,751ebc02e5b7a2df789c0003
xvideos.homes,AVAILABILITY,origin.list,origin.list,2026-10-08 07:00:20.716669+00:00,751ebc02e5b7a2df789c0003
xvideos.skin,AVAILABILITY,origin.list,origin.list,2026-10-08 07:00:21.174906+00:00,751ebc02e5b7a2df789c0003
