subject,idna_subject,expiration_date,epoch,registrar
hubporn.icu,hubporn.icu,19-feb-2027,1802995200.0,Danesco Trading Ltd.
sexhay.biz,sexhay.biz,07-jan-2027,1799280000.0,Tucows Domains Inc.
zooporn.stream,zooporn.stream,04-nov-2026,1793750400.0,"NameSilo, LLC"
jdjd11.xyz,jdjd11.xyz,26-feb-2027,1803600000.0,Dynadot LLC
sexdiaryz.fun,sexdiaryz.fun,26-feb-2027,1803600000.0,Dynadot LLC
phimsexvip.vip,phimsexvip.vip,30-jan-2027,1801267200.0,"NameCheap, Inc."
viet69.online,viet69.online,28-feb-2027,1803772800.0,"Sav.com, LLC- 6"
mmlive.one,mmlive.one,24-jan-2027,1800748800.0,"GoDaddy.com, LLC"
nsdizhiceshi.xyz,nsdizhiceshi.xyz,16-oct-2026,1792108800.0,"Go Daddy, LLC"
9s245.xyz,9s245.xyz,04-mar-2027,1804118400.0,Dynadot LLC
viet69.mom,viet69.mom,23-dec-2026,1797984000.0,Namecheap
xnnx.site,xnnx.site,07-sep-2026,1788739200.0,VIRTUA DRUG Kutatási Szolgáltató Korlátolt Felelősségű Társaság
tinhduc.online,tinhduc.online,03-mar-2027,1804032000.0,"GMO Internet Group, Inc. d/b/a Onamae.com"
heo68.xyz,heo68.xyz,17-sep-2026,1789603200.0,Communigal Communications Ltd
javhd.pm,javhd.pm,05-mar-2027,1804204800.0,OVH
mjgcmuurrabcd.xyz,mjgcmuurrabcd.xyz,22-mar-2027,1805673600.0,Dynadot LLC
xvideos.club,xvideos.club,05-oct-2026,1791158400.0,TLD Registrar Solutions Ltd.
9s218.xyz,9s218.xyz,11-mar-2027,1804723200.0,Dynadot LLC
javhay.io,javhay.io,11-mar-2027,1804723200.0,CommuniGal Communication Ltd.
sexviet1.xyz,sexviet1.xyz,11-mar-2027,1804723200.0,"GMO Internet Group, Inc. d/b/a Onamae.com"
phimhay789.win,phimhay789.win,12-mar-2027,1804809600.0,Dynadot Inc
d99dqqmmudur.xyz,d99dqqmmudur.xyz,12-mar-2027,1804809600.0,Gransy s.r.o.
j52jqqzzbrbs.xyz,j52jqqzzbrbs.xyz,12-mar-2027,1804809600.0,Gransy s.r.o.
x3x3x.xyz,x3x3x.xyz,17-dec-2026,1797465600.0,Namecheap
justfanspw.site,justfanspw.site,01-jan-2027,1798761600.0,"Sav.com, LLC- 9"
lesbians.rest,lesbians.rest,31-oct-2026,1793404800.0,"Dynadot, LLC"
009aa.xyz,009aa.xyz,01-mar-2027,1803859200.0,"NameSilo, LLC"
ghmpgpwwaaqq.xyz,ghmpgpwwaaqq.xyz,15-mar-2027,1805068800.0,Gransy s.r.o.
tnaflix.fun,tnaflix.fun,14-nov-2026,1794614400.0,Dynadot LLC
yphimsex.cc,yphimsex.cc,10-nov-2026,1794268800.0,Hosting Concepts B.V. d/b/a Registrar.eu
tuyetpham.xyz,tuyetpham.xyz,19-mar-2027,1805414400.0,"GMO Internet Group, Inc. d/b/a Onamae.com"
showgai.xyz,showgai.xyz,19-mar-2027,1805414400.0,"GMO Internet Group, Inc. d/b/a Onamae.com"
gaigoidongthap.xyz,gaigoidongthap.xyz,19-mar-2027,1805414400.0,"GMO Internet Group, Inc. d/b/a Onamae.com"
jzsp.biz,jzsp.biz,16-oct-2026,1792108800.0,PDR Ltd. d/b/a PublicDomainRegistry.com
sexstories.space,sexstories.space,14-may-2032,1968105600.0,Epik LLC
vnanchoi.ca,vnanchoi.ca,30-oct-2026,1793318400.0,8648255 CANADA LTD. O/A Dynadot LLC
sexsub.xyz,sexsub.xyz,25-mar-2027,1805932800.0,"GMO Internet Group, Inc. d/b/a Onamae.com"
pornky.icu,pornky.icu,02-dec-2026,1796169600.0,"HOSTINGER operations, UAB"
tubxporn.icu,tubxporn.icu,02-dec-2026,1796169600.0,"HOSTINGER operations, UAB"
xemsex.one,xemsex.one,28-mar-2027,1806192000.0,Porkbun
007aa.xyz,007aa.xyz,01-mar-2027,1803859200.0,"NameSilo, LLC"
006aa.xyz,006aa.xyz,01-mar-2027,1803859200.0,"NameSilo, LLC"
009ab.xyz,009ab.xyz,01-mar-2027,1803859200.0,"NameSilo, LLC"
hisex.xyz,hisex.xyz,24-feb-2027,1803427200.0,"NameSilo, LLC"
dxxdkkuuasdf.xyz,dxxdkkuuasdf.xyz,22-mar-2027,1805673600.0,Dynadot LLC
viet69.tech,viet69.tech,19-oct-2026,1792368000.0,Dynadot Inc
04647.xyz,04647.xyz,19-sep-2026,1789776000.0,Namecheap
bimdep.vip,bimdep.vip,01-mar-2027,1803859200.0,CommuniGal Communication Ltd.
gay365.click,gay365.click,11-nov-2026,1794355200.0,CommuniGal Communication Ltd.
gaymale.click,gaymale.click,02-dec-2026,1796169600.0,"Dynadot, LLC"
javhiv.xyz,javhiv.xyz,26-dec-2026,1798243200.0,Communigal Communications Ltd
lauxanh.click,lauxanh.click,20-nov-2026,1795132800.0,CommuniGal Communication Ltd.
tinhmotdem.asia,tinhmotdem.asia,05-sep-2026,1788566400.0,Dynadot Inc
porntubesex.biz,porntubesex.biz,01-apr-2027,1806537600.0,Dynadot Inc
gaigoidanang.xyz,gaigoidanang.xyz,22-mar-2027,1805673600.0,"Porkbun, LLC"
xvideos.skin,xvideos.skin,03-apr-2027,1806710400.0,Namecheap
gaicaocap.xyz,gaicaocap.xyz,01-apr-2027,1806537600.0,"GMO Internet Group, Inc. d/b/a Onamae.com"
checkgaigoi.xyz,checkgaigoi.xyz,01-apr-2027,1806537600.0,"GMO Internet Group, Inc. d/b/a Onamae.com"
66zzz.xyz,66zzz.xyz,05-apr-2027,1806883200.0,Dynadot LLC
9s102.xyz,9s102.xyz,07-apr-2027,1807056000.0,Dynadot LLC
9s104.xyz,9s104.xyz,07-apr-2027,1807056000.0,Dynadot LLC
9s111.xyz,9s111.xyz,07-apr-2027,1807056000.0,Dynadot LLC
2sepi8.cam,2sepi8.cam,06-apr-2027,1806969600.0,Dynadot LLC
hdsextube.xyz,hdsextube.xyz,29-oct-2026,1793232000.0,Dynadot LLC
chim18.xyz,chim18.xyz,07-apr-2027,1807056000.0,Atak Domain Bilgi Teknolojileri A.Ş.
haysex.xyz,haysex.xyz,09-apr-2027,1807228800.0,Namecheap
phimxxx.site,phimxxx.site,12-jan-2028,1831248000.0,"NameSilo, LLC"
tphimsex.club,tphimsex.club,12-apr-2027,1807488000.0,Dynadot Inc
hentaizz.cc,hentaizz.cc,12-apr-2027,1807488000.0,"Big Dipper Domains, LLC"
45551.vip,45551.vip,16-apr-2027,1807833600.0,Dynadot Inc
10369.vip,10369.vip,17-apr-2027,1807920000.0,Gname.com Pte. Ltd.
sex18.xyz,sex18.xyz,19-apr-2027,1808092800.0,Gname.com Pte. Ltd.
sextop1.fun,sextop1.fun,19-apr-2027,1808092800.0,Dynadot Inc
hindisexvideo.xyz,hindisexvideo.xyz,20-apr-2027,1808179200.0,Communigal Communications Ltd
00623.vip,00623.vip,22-apr-2027,1808352000.0,Dynadot Inc
ebonyporn.icu,ebonyporn.icu,22-apr-2027,1808352000.0,Namecheap
xvideos.homes,xvideos.homes,20-apr-2027,1808179200.0,Namecheap
sextrungquoc.blog,sextrungquoc.blog,25-apr-2027,1808611200.0,Dynadot LLC
tuoi69.site,tuoi69.site,26-apr-2027,1808697600.0,VIRTUA DRUG Kutatási Szolgáltató Korlátolt Felelősségű Társaság
ditnhau.online,ditnhau.online,12-apr-2027,1807488000.0,"NameCheap, Inc."
quatvn.click,quatvn.click,30-mar-2027,1806364800.0,NAMECHEAP
thienvadia.icu,thienvadia.icu,10-apr-2027,1807315200.0,Namecheap
kphimsex.xyz,kphimsex.xyz,10-dec-2026,1796860800.0,"Spaceship, Inc."
sexmoi69.xyz,sexmoi69.xyz,10-dec-2026,1796860800.0,"Spaceship, Inc."
hihisex.vip,hihisex.vip,28-dec-2026,1798416000.0,CommuniGal Communication Ltd.
jsplayfun.site,jsplayfun.site,02-dec-2026,1796169600.0,Communigal Communications Ltd
kichduc.biz,kichduc.biz,04-nov-2026,1793750400.0,Dynadot Inc
showgaidep.xyz,showgaidep.xyz,03-jan-2027,1798934400.0,Communigal Communications Ltd
thegays.click,thegays.click,10-nov-2026,1794268800.0,CommuniGal Communication Ltd.
japanxxx.fun,japanxxx.fun,30-apr-2027,1809043200.0,VIRTUA DRUG Kutatási Szolgáltató Korlátolt Felelősségű Társaság
hellporno.one,hellporno.one,01-may-2027,1809129600.0,Dynadot Inc
ditgai.xyz,ditgai.xyz,01-may-2027,1809129600.0,Dynadot LLC
sexstories.blog,sexstories.blog,01-may-2027,1809129600.0,Namecheap
videoaz.xyz,videoaz.xyz,01-may-2027,1809129600.0,Dynadot LLC
cliphot69.cam,cliphot69.cam,24-mar-2027,1805846400.0,Namecheap
teensporn.xyz,teensporn.xyz,06-apr-2027,1806969600.0,Dynadot LLC
25679.vip,25679.vip,31-oct-2026,1793404800.0,Dynadot Inc
311311.vip,311311.vip,06-jan-2027,1799193600.0,Gname.com Pte. Ltd.
45558.vip,45558.vip,26-oct-2026,1792972800.0,Dynadot Inc
45559.vip,45559.vip,26-oct-2026,1792972800.0,Dynadot Inc
46663.vip,46663.vip,09-aug-2027,1817769600.0,"Blue Razor Domains, LLC"
77aa.vip,77aa.vip,08-feb-2027,1802044800.0,Gname.com Pte. Ltd.
883883.vip,883883.vip,07-sep-2026,1788739200.0,Eranet International Limited
88632.vip,88632.vip,22-oct-2026,1792627200.0,Gname.com Pte. Ltd.
88dd.vip,88dd.vip,08-feb-2027,1802044800.0,Gname.com Pte. Ltd.
buoito.vip,buoito.vip,19-dec-2026,1797638400.0,"NameCheap, Inc."
henho.vip,henho.vip,11-oct-2026,1791676800.0,"NameSilo, LLC"
iporno365.club,iporno365.club,27-jan-2027,1801008000.0,"NameCheap, Inc."
live18k.vip,live18k.vip,11-sep-2026,1789084800.0,"NameSilo, LLC"
phimsec.vip,phimsec.vip,25-oct-2026,1792886400.0,CommuniGal Communication Ltd.
phimsexsub.vip,phimsexsub.vip,08-jan-2027,1799366400.0,Porkbun
phodacbiet.club,phodacbiet.club,23-apr-2027,1808438400.0,"NameCheap, Inc."
pornotubes.club,pornotubes.club,05-sep-2026,1788566400.0,Dynadot Inc
sex.vip,sex.vip,15-aug-2028,1849910400.0,Go China Domains Inc
sexchauau.club,sexchauau.club,24-sep-2026,1790208000.0,Dynadot Inc
147sds.xyz,147sds.xyz,06-dec-2026,1796515200.0,Communigal Communications Ltd
chineseboys.click,chineseboys.click,10-nov-2026,1794268800.0,CommuniGal Communication Ltd.
gaimup.click,gaimup.click,12-apr-2027,1807488000.0,CommuniGal Communication Ltd.
gaixinh24h.xyz,gaixinh24h.xyz,04-dec-2026,1796342400.0,Dynadot LLC
gayhub.click,gayhub.click,10-nov-2026,1794268800.0,CommuniGal Communication Ltd.
gaysex.click,gaysex.click,04-oct-2026,1791072000.0,CommuniGal Communication Ltd.
mobiblog.us,mobiblog.us,02-may-2027,1809216000.0,UdomainName.com LLC
phimsexsub.cc,phimsexsub.cc,03-nov-2026,1793664000.0,Fastball Domains LLC
phimsexnhanh.online,phimsexnhanh.online,04-apr-2027,1806796800.0,Dynadot Inc
sexviet.click,sexviet.click,22-apr-2027,1808352000.0,CommuniGal Communication Ltd.
thempho.club,thempho.club,30-oct-2026,1793318400.0,CommuniGal Communication Ltd.
tk66.xyz,tk66.xyz,02-oct-2026,1790899200.0,Dynadot LLC
twinkvids.click,twinkvids.click,10-nov-2026,1794268800.0,CommuniGal Communication Ltd.
sex69.online,sex69.online,06-may-2027,1809561600.0,VIRTUA DRUG Kutatási Szolgáltató Korlátolt Felelősségű Társaság
sex1.fun,sex1.fun,06-may-2027,1809561600.0,VIRTUA DRUG Kutatási Szolgáltató Korlátolt Felelősségű Társaság
javuncen.xyz,javuncen.xyz,06-may-2027,1809561600.0,Dynadot LLC
xhvid.site,xhvid.site,06-may-2027,1809561600.0,Dynadot Inc
55aa.vip,55aa.vip,08-feb-2027,1802044800.0,Gname.com Pte. Ltd.
66aa.vip,66aa.vip,08-feb-2027,1802044800.0,Gname.com Pte. Ltd.
phimsexkhongche.biz,phimsexkhongche.biz,15-oct-2026,1792022400.0,"GoDaddy.com, LLC"
03988.vip,03988.vip,16-may-2027,1810425600.0,Dynadot Inc
cliphot69.win,cliphot69.win,25-feb-2027,1803513600.0,"NameSilo, LLC"
tuoi69.biz,tuoi69.biz,20-may-2027,1810771200.0,Global Domain Group LLC
phimsec.cc,phimsec.cc,11-may-2027,1809993600.0,"NameCheap, Inc."
xemsexxx.xyz,xemsexxx.xyz,14-may-2027,1810252800.0,"GMO Internet Group, Inc. d/b/a Onamae.com"
asianporn.work,asianporn.work,29-may-2027,1811548800.0,"NameCheap, Inc."
mobvids.xyz,mobvids.xyz,31-may-2027,1811721600.0,Dynadot LLC
xemsex.vip,xemsex.vip,31-may-2027,1811721600.0,Sav.com LLC
javhd.men,javhd.men,31-may-2027,1811721600.0,"Cloudflare, Inc."
jav69.xyz,jav69.xyz,01-jun-2027,1811808000.0,Gname.com Pte. Ltd.
gaigutv.vip,gaigutv.vip,05-dec-2026,1796428800.0,CommuniGal Communication Ltd.
phimsextrungquoc.vip,phimsextrungquoc.vip,03-feb-2027,1801612800.0,Porkbun
goigai.cloud,goigai.cloud,14-may-2027,1810252800.0,One.com
phimxes.cc,phimxes.cc,29-may-2027,1811548800.0,"Chengdu West Dimension Digital Technology Co., Ltd."
checkerviet.us,checkerviet.us,06-jun-2027,1812240000.0,"Spaceship, Inc."
javnong.xyz,javnong.xyz,21-may-2027,1810857600.0,"GMO Internet Group, Inc. d/b/a Onamae.com"
tuoinung.men,tuoinung.men,06-jun-2027,1812240000.0,"Spaceship, Inc."
hentaivn.online,hentaivn.online,28-may-2027,1811462400.0,Porkbun LLC
phimsex.mom,phimsex.mom,07-jun-2027,1812326400.0,TuringSign Inc. d/b/a Cosmotown
gaymovie.online,gaymovie.online,09-jun-2027,1812499200.0,"NameCheap, Inc."
phe18.vip,phe18.vip,22-aug-2027,1818892800.0,"NameSilo, LLC"
damlon.xyz,damlon.xyz,16-may-2027,1810425600.0,"GMO Internet Group, Inc. d/b/a Onamae.com"
gaidepvn.xyz,gaidepvn.xyz,19-may-2027,1810684800.0,"GMO Internet Group, Inc. d/b/a Onamae.com"
hot-live.online,hot-live.online,13-jun-2027,1812844800.0,"Chengdu West Dimension Digital Technology Co., Ltd."
22dd.vip,22dd.vip,08-feb-2027,1802044800.0,"Chengdu West Dimension Digital Technology Co., Ltd."
22aa.vip,22aa.vip,08-feb-2027,1802044800.0,"Chengdu West Dimension Digital Technology Co., Ltd."
44dd.vip,44dd.vip,14-dec-2026,1797206400.0,"GoDaddy.com, LLC"
885885.vip,885885.vip,25-may-2027,1811203200.0,"GoDaddy.com, LLC"
bblive6.vip,bblive6.vip,25-jul-2027,1816473600.0,Go China Domains Inc
bestfreecams.club,bestfreecams.club,19-dec-2026,1797638400.0,Dynadot Inc
hdshow.club,hdshow.club,10-apr-2027,1807315200.0,"Cloudflare, Inc."
javporn.win,javporn.win,08-jul-2027,1815004800.0,"NameCheap, Inc."
khieudam.club,khieudam.club,26-nov-2026,1795651200.0,"Spaceship, Inc."
nungvc.vip,nungvc.vip,04-nov-2026,1793750400.0,Dynadot Inc
pheclip.vip,pheclip.vip,08-may-2027,1809734400.0,Dynadot Inc
phimsexjav.club,phimsexjav.club,24-nov-2026,1795478400.0,"Name.com, Inc."
sexnhanh.ink,sexnhanh.ink,20-apr-2027,1808179200.0,Virtualia LLC
sexvip.vip,sexvip.vip,08-jan-2027,1799366400.0,Porkbun
sexvietsub.vip,sexvietsub.vip,24-sep-2026,1790208000.0,Dynadot Inc
vlxx.club,vlxx.club,10-dec-2026,1796860800.0,"NameCheap, Inc."
vlxx.vip,vlxx.vip,17-jun-2027,1813190400.0,"NameCheap, Inc."
vlxxx.vip,vlxxx.vip,14-oct-2026,1791936000.0,Dynadot Inc
xxtv.vip,xxtv.vip,06-feb-2031,1928102400.0,Dynadot Inc
sexau.xyz,sexau.xyz,12-jun-2027,1812758400.0,"GMO Internet Group, Inc. d/b/a Onamae.com"
567live.online,567live.online,13-jun-2027,1812844800.0,"Chengdu West Dimension Digital Technology Co., Ltd."
vlxxvietnam.xyz,vlxxvietnam.xyz,06-jun-2027,1812240000.0,"GMO Internet Group, Inc. d/b/a Onamae.com"
xxdem.xyz,xxdem.xyz,16-jun-2027,1813104000.0,"GMO Internet Group, Inc. d/b/a Onamae.com"
chich3x.xyz,chich3x.xyz,17-jun-2027,1813190400.0,"GMO Internet Group, Inc. d/b/a Onamae.com"
ifap.fun,ifap.fun,17-jun-2027,1813190400.0,VIRTUA DRUG Kutatási Szolgáltató Korlátolt Felelősségű Társaság
9s103.xyz,9s103.xyz,21-jun-2027,1813536000.0,Dynadot Inc
9s105.xyz,9s105.xyz,21-jun-2027,1813536000.0,Dynadot Inc
9s113.xyz,9s113.xyz,21-jun-2027,1813536000.0,Dynadot Inc
9s107.xyz,9s107.xyz,21-jun-2027,1813536000.0,Dynadot Inc
9s120.xyz,9s120.xyz,21-jun-2027,1813536000.0,Dynadot Inc
9s121.xyz,9s121.xyz,21-jun-2027,1813536000.0,Dynadot Inc
9s125.xyz,9s125.xyz,21-jun-2027,1813536000.0,Dynadot Inc
9s129.xyz,9s129.xyz,21-jun-2027,1813536000.0,Dynadot Inc
9s146.xyz,9s146.xyz,21-jun-2027,1813536000.0,Dynadot Inc
phunucodon.cc,phunucodon.cc,23-jun-2027,1813708800.0,"NameCheap, Inc."
tastyyblacks.xyz,tastyyblacks.xyz,23-jun-2027,1813708800.0,Dynadot Inc
javhd.io,javhd.io,28-jun-2027,1814140800.0,"NameCheap, Inc."
javsub.online,javsub.online,29-jun-2027,1814227200.0,Dynadot Inc
vlxx.uno,vlxx.uno,30-jun-2027,1814313600.0,"NameCheap, Inc."
134sds.xyz,134sds.xyz,06-dec-2026,1796515200.0,Dynadot Inc
realsexvideos.xyz,realsexvideos.xyz,28-jun-2027,1814140800.0,"GMO Internet Group, Inc. d/b/a Onamae.com"
quatvn.fun,quatvn.fun,22-may-2027,1810944000.0,"NameCheap, Inc."
gaionline.xyz,gaionline.xyz,01-jul-2027,1814400000.0,"GMO Internet Group, Inc. d/b/a Onamae.com"
lontv.one,lontv.one,02-jul-2027,1814486400.0,Dynadot Inc
phim18.online,phim18.online,02-jul-2027,1814486400.0,Communigal Communications Ltd
phimxxx.xyz,phimxxx.xyz,30-jun-2027,1814313600.0,"GMO Internet Group, Inc. d/b/a Onamae.com"
phimsexsub.link,phimsexsub.link,24-jun-2027,1813795200.0,NAMECHEAP
sexvip.cc,sexvip.cc,05-jul-2027,1814745600.0,Dynadot Inc
milfsex.biz,milfsex.biz,07-jul-2027,1814918400.0,Dynadot Inc
9s216.xyz,9s216.xyz,07-jul-2027,1814918400.0,Dynadot Inc
9s217.xyz,9s217.xyz,07-jul-2027,1814918400.0,Dynadot Inc
9s228.xyz,9s228.xyz,07-jul-2027,1814918400.0,Dynadot Inc
9s230.xyz,9s230.xyz,07-jul-2027,1814918400.0,Dynadot Inc
9s133.xyz,9s133.xyz,24-sep-2026,1790208000.0,Eranet International Limited
sexhd.io,sexhd.io,17-apr-2032,1965772800.0,Gandi SAS
hentaitop.xyz,hentaitop.xyz,04-dec-2026,1796342400.0,CommuniGal Communication Ltd.
zo3x.cc,zo3x.cc,27-oct-2026,1793059200.0,Dynadot Inc
londep18.xyz,londep18.xyz,12-jul-2027,1815350400.0,"GMO Internet Group, Inc. d/b/a Onamae.com"
trannyporn.site,trannyporn.site,11-jul-2027,1815264000.0,"GMO Internet Group, Inc. d/b/a Onamae.com"
pormhub.cc,pormhub.cc,13-jul-2027,1815436800.0,Dynadot Inc
tub66.cam,tub66.cam,14-jul-2027,1815523200.0,Dynadot Inc
gwweb.xyz,gwweb.xyz,15-jul-2027,1815609600.0,"GMO Internet Group, Inc. d/b/a Onamae.com"
phimhentai.xyz,phimhentai.xyz,02-jul-2027,1814486400.0,"GMO Internet Group, Inc. d/b/a Onamae.com"
phimheovietnam.xyz,phimheovietnam.xyz,15-jul-2027,1815609600.0,"GMO Internet Group, Inc. d/b/a Onamae.com"
lustesthd.io,lustesthd.io,17-jul-2027,1815782400.0,
womeninfilm.co.uk,womeninfilm.co.uk,18-jul-2027,1815868800.0,
hotsex.bar,hotsex.bar,17-jul-2027,1815782400.0,"Spaceship, Inc."
gailauxanh.xyz,gailauxanh.xyz,15-jul-2027,1815609600.0,"GMO Internet Group, Inc. d/b/a Onamae.com"
cliphot69.one,cliphot69.one,23-nov-2026,1795392000.0,"NameCheap, Inc."
phimsexmy.link,phimsexmy.link,22-jul-2027,1816214400.0,"Dynadot, LLC"
pornopics.site,pornopics.site,22-jul-2027,1816214400.0,"NameCheap, Inc."
vlxx.fun,vlxx.fun,21-jul-2027,1816128000.0,"NameCheap, Inc."
javsub.cc,javsub.cc,14-jul-2027,1815523200.0,Key-Systems GmbH
thiendia.uk,thiendia.uk,04-jan-2027,1799020800.0,
varvar.biz,varvar.biz,26-jul-2027,1816560000.0,Dynadot Inc
chongtoico.link,chongtoico.link,18-oct-2027,1823817600.0,"Dynadot, LLC"
dongtoico.us,dongtoico.us,09-sep-2026,1788912000.0,"NameCheap, Inc."
phimsexkhongche.cc,phimsexkhongche.cc,24-sep-2026,1790208000.0,Dynadot Inc
phimsexnhatban.cc,phimsexnhatban.cc,24-sep-2026,1790208000.0,Dynadot Inc
sexvietnam.site,sexvietnam.site,24-sep-2026,1790208000.0,Dynadot Inc
xemphimsex.vip,xemphimsex.vip,24-sep-2026,1790208000.0,Dynadot Inc
clipsexviet.xyz,clipsexviet.xyz,22-jul-2027,1816214400.0,"GMO Internet Group, Inc. d/b/a Onamae.com"
phimsexmy.vip,phimsexmy.vip,24-sep-2026,1790208000.0,Dynadot Inc
sexnxx.fun,sexnxx.fun,30-jul-2027,1816905600.0,"GMO Internet Group, Inc. d/b/a Onamae.com"
777.porn,777.porn,26-aug-2027,1819238400.0,PDR Ltd. d/b/a PublicDomainRegistry.com
girlx2.xyz,girlx2.xyz,20-jul-2027,1816041600.0,"GMO Internet Group, Inc. d/b/a Onamae.com"
phimsex.space,phimsex.space,03-aug-2027,1817251200.0,"Spaceship, Inc."
sexviet69.xyz,sexviet69.xyz,29-jul-2027,1816819200.0,"GMO Internet Group, Inc. d/b/a Onamae.com"
f52frrzzghjk.xyz,f52frrzzghjk.xyz,04-aug-2027,1817337600.0,"Spaceship, Inc."
gaigoitelegram.xyz,gaigoitelegram.xyz,06-aug-2027,1817510400.0,"GMO Internet Group, Inc. d/b/a Onamae.com"
xoac69.xyz,xoac69.xyz,07-aug-2027,1817596800.0,"GMO Internet Group, Inc. d/b/a Onamae.com"
xxnxx.monster,xxnxx.monster,11-aug-2027,1817942400.0,Dynadot Inc
freeasianporn.icu,freeasianporn.icu,13-aug-2027,1818115200.0,Dynadot Inc
xxxporno.fun,xxxporno.fun,15-aug-2027,1818288000.0,"NameCheap, Inc."
phimheo.online,phimheo.online,17-aug-2027,1818460800.0,Porkbun LLC
phimsexviet.io,phimsexviet.io,18-aug-2027,1818547200.0,Dynadot Inc
choidangcap5.cc,choidangcap5.cc,18-aug-2027,1818547200.0,"GoDaddy.com, LLC"
sexviet.fun,sexviet.fun,21-aug-2027,1818806400.0,PDR Ltd. d/b/a PublicDomainRegistry.com
damconuong.fit,damconuong.fit,22-aug-2027,1818892800.0,"NameCheap, Inc."
jeux-de-guerre.biz,jeux-de-guerre.biz,23-aug-2027,1818979200.0,Dynadot Inc
sexhdx.xyz,sexhdx.xyz,20-aug-2027,1818720000.0,"GMO Internet Group, Inc. d/b/a Onamae.com"
069sds.xyz,069sds.xyz,24-aug-2027,1819065600.0,"GoDaddy.com, LLC"
hentaikk.vip,hentaikk.vip,25-aug-2027,1819152000.0,Dynadot Inc
clipgai.xyz,clipgai.xyz,12-aug-2027,1818028800.0,"GMO Internet Group, Inc. d/b/a Onamae.com"
pormhub.blog,pormhub.blog,16-aug-2027,1818374400.0,"Spaceship, Inc."
057sds.xyz,057sds.xyz,29-aug-2027,1819497600.0,Dynadot Inc
073sds.xyz,073sds.xyz,29-aug-2027,1819497600.0,Dynadot Inc
viet69.site,viet69.site,29-aug-2027,1819497600.0,NETIM SAS
phimsexcap3.xyz,phimsexcap3.xyz,13-aug-2027,1818115200.0,"GMO Internet Group, Inc. d/b/a Onamae.com"
freegayporn.fun,freegayporn.fun,31-aug-2027,1819670400.0,VIRTUA DRUG Kutatási Szolgáltató Korlátolt Felelősségű Társaság
xnxx2.xyz,xnxx2.xyz,30-aug-2027,1819584000.0,"NameCheap, Inc."
315pm.xyz,315pm.xyz,22-jul-2027,1816214400.0,"GMO Internet Group, Inc. d/b/a Onamae.com"
xhamster.xyz,xhamster.xyz,29-jul-2027,1816819200.0,BF Internet Limited
javhd.vc,javhd.vc,31-aug-2027,1819670400.0,"NameCheap, Inc."
asiansexhub.biz,asiansexhub.biz,31-aug-2027,1819670400.0,"Spaceship, Inc."
thudam.vip,thudam.vip,01-sep-2027,1819756800.0,Dynadot Inc
88644.vip,88644.vip,02-sep-2027,1819843200.0,NameMart Pte. Ltd.
tuoinung.cc,tuoinung.cc,03-sep-2027,1819929600.0,Gold Domain Names LLC
